snapshot_date,dc_id,dc_name,sku_id,unrestricted_inventory,blocked_inventory,qi_inventory
2026-04-10,PA,Pennsylvania DC,SKU0001,20949,280,1542
2026-04-10,TX,Texas DC,SKU0001,31028,785,92
2026-04-10,FL,Florida DC,SKU0001,16282,194,1058
2026-04-10,NV,Nevada DC,SKU0001,15875,770,10
2026-04-10,WI,Wisconsin DC,SKU0001,1307,45,35
2026-04-10,WA,Washington DC,SKU0001,20990,116,203
2026-04-10,PA,Pennsylvania DC,SKU0002,91533,4007,4908
2026-04-10,TX,Texas DC,SKU0002,75090,3736,4644
2026-04-10,FL,Florida DC,SKU0002,53310,146,1214
2026-04-10,NV,Nevada DC,SKU0002,32880,199,913
2026-04-10,WI,Wisconsin DC,SKU0002,2988,24,84
2026-04-10,WA,Washington DC,SKU0002,2187,76,119
2026-04-10,PA,Pennsylvania DC,SKU0003,86161,1265,3982
2026-04-10,TX,Texas DC,SKU0003,95201,1254,3087
2026-04-10,FL,Florida DC,SKU0003,35641,1721,1429
2026-04-10,NV,Nevada DC,SKU0003,55171,2376,1173
2026-04-10,WI,Wisconsin DC,SKU0003,4089,80,299
2026-04-10,WA,Washington DC,SKU0003,3758,26,41
2026-04-10,PA,Pennsylvania DC,SKU0004,168879,4341,9854
2026-04-10,TX,Texas DC,SKU0004,73420,2174,5548
2026-04-10,FL,Florida DC,SKU0004,898,6,11
2026-04-10,NV,Nevada DC,SKU0004,18297,654,856
2026-04-10,WI,Wisconsin DC,SKU0004,58061,2369,665
2026-04-10,WA,Washington DC,SKU0004,4398,165,270
2026-04-10,PA,Pennsylvania DC,SKU0005,43799,8,3162
2026-04-10,TX,Texas DC,SKU0005,2157,104,131
2026-04-10,FL,Florida DC,SKU0005,14651,739,743
2026-04-10,NV,Nevada DC,SKU0005,15118,864,1394
2026-04-10,WI,Wisconsin DC,SKU0005,4,0,0
2026-04-10,WA,Washington DC,SKU0005,15799,764,378
2026-04-10,PA,Pennsylvania DC,SKU0006,199243,8749,16258
2026-04-10,TX,Texas DC,SKU0006,75992,3008,7195
2026-04-10,FL,Florida DC,SKU0006,23182,1341,2153
2026-04-10,NV,Nevada DC,SKU0006,1647,58,52
2026-04-10,WI,Wisconsin DC,SKU0006,65092,1763,1613
2026-04-10,WA,Washington DC,SKU0006,524,8,24
2026-04-10,PA,Pennsylvania DC,SKU0007,109912,4161,2516
2026-04-10,TX,Texas DC,SKU0007,57377,819,3838
2026-04-10,FL,Florida DC,SKU0007,1755,47,101
2026-04-10,NV,Nevada DC,SKU0007,14796,419,602
2026-04-10,WI,Wisconsin DC,SKU0007,46777,1153,4040
2026-04-10,WA,Washington DC,SKU0007,443,14,34
2026-04-10,PA,Pennsylvania DC,SKU0008,806,2,46
2026-04-10,TX,Texas DC,SKU0008,23165,745,324
2026-04-10,FL,Florida DC,SKU0008,35460,160,2865
2026-04-10,NV,Nevada DC,SKU0008,4508,22,235
2026-04-10,WI,Wisconsin DC,SKU0008,4428,185,343
2026-04-10,WA,Washington DC,SKU0008,16022,466,342
2026-04-10,PA,Pennsylvania DC,SKU0009,3285,148,43
2026-04-10,TX,Texas DC,SKU0009,30473,1435,869
2026-04-10,FL,Florida DC,SKU0009,38461,1527,1871
2026-04-10,NV,Nevada DC,SKU0009,7208,318,43
2026-04-10,WI,Wisconsin DC,SKU0009,2569,7,120
2026-04-10,WA,Washington DC,SKU0009,32862,1894,263
2026-04-10,PA,Pennsylvania DC,SKU0010,46666,658,559
2026-04-10,TX,Texas DC,SKU0010,35957,1336,1507
2026-04-10,FL,Florida DC,SKU0010,33447,409,2395
2026-04-10,NV,Nevada DC,SKU0010,26071,469,824
2026-04-10,WI,Wisconsin DC,SKU0010,16929,1014,1686
2026-04-10,WA,Washington DC,SKU0010,19576,1096,1724
2026-04-10,PA,Pennsylvania DC,SKU0011,89560,4480,6300
2026-04-10,TX,Texas DC,SKU0011,121360,56,9916
2026-04-10,FL,Florida DC,SKU0011,67442,543,778
2026-04-10,NV,Nevada DC,SKU0011,54734,1986,3927
2026-04-10,WI,Wisconsin DC,SKU0011,1667,57,113
2026-04-10,WA,Washington DC,SKU0011,4140,101,299
2026-04-10,PA,Pennsylvania DC,SKU0012,416,1,14
2026-04-10,TX,Texas DC,SKU0012,19225,734,503
2026-04-10,FL,Florida DC,SKU0012,31980,18,240
2026-04-10,NV,Nevada DC,SKU0012,17549,878,1022
2026-04-10,WI,Wisconsin DC,SKU0012,1213,26,4
2026-04-10,WA,Washington DC,SKU0012,39576,94,1416
2026-04-10,PA,Pennsylvania DC,SKU0013,61465,2064,5376
2026-04-10,TX,Texas DC,SKU0013,1266,58,23
2026-04-10,FL,Florida DC,SKU0013,21323,527,382
2026-04-10,NV,Nevada DC,SKU0013,21139,849,1553
2026-04-10,WI,Wisconsin DC,SKU0013,2032,27,127
2026-04-10,WA,Washington DC,SKU0013,21765,290,1777
2026-04-10,PA,Pennsylvania DC,SKU0014,3770,65,247
2026-04-10,TX,Texas DC,SKU0014,31658,756,882
2026-04-10,FL,Florida DC,SKU0014,19985,610,1358
2026-04-10,NV,Nevada DC,SKU0014,4392,72,9
2026-04-10,WI,Wisconsin DC,SKU0014,2139,19,164
2026-04-10,WA,Washington DC,SKU0014,21891,956,686
2026-04-10,PA,Pennsylvania DC,SKU0015,78103,2701,1989
2026-04-10,TX,Texas DC,SKU0015,61590,1989,4430
2026-04-10,FL,Florida DC,SKU0015,50690,212,3367
2026-04-10,NV,Nevada DC,SKU0015,39947,1725,1199
2026-04-10,WI,Wisconsin DC,SKU0015,2533,84,66
2026-04-10,WA,Washington DC,SKU0015,2422,67,37
2026-04-10,PA,Pennsylvania DC,SKU0016,78585,820,4472
2026-04-10,TX,Texas DC,SKU0016,88981,1122,6991
2026-04-10,FL,Florida DC,SKU0016,43853,1777,2241
2026-04-10,NV,Nevada DC,SKU0016,56819,2246,1612
2026-04-10,WI,Wisconsin DC,SKU0016,2745,12,209
2026-04-10,WA,Washington DC,SKU0016,1924,64,34
2026-04-10,PA,Pennsylvania DC,SKU0017,41517,1183,3527
2026-04-10,TX,Texas DC,SKU0017,596,13,42
2026-04-10,FL,Florida DC,SKU0017,23042,552,340
2026-04-10,NV,Nevada DC,SKU0017,24782,1316,1929
2026-04-10,WI,Wisconsin DC,SKU0017,1792,15,137
2026-04-10,WA,Washington DC,SKU0017,14071,716,642
2026-04-10,PA,Pennsylvania DC,SKU0018,180168,6436,17116
2026-04-10,TX,Texas DC,SKU0018,64343,1948,5344
2026-04-10,FL,Florida DC,SKU0018,24731,704,641
2026-04-10,NV,Nevada DC,SKU0018,2025,85,44
2026-04-10,WI,Wisconsin DC,SKU0018,48068,1268,3429
2026-04-10,WA,Washington DC,SKU0018,1920,26,49
2026-04-10,PA,Pennsylvania DC,SKU0019,56322,2345,3978
2026-04-10,TX,Texas DC,SKU0019,526,10,13
2026-04-10,FL,Florida DC,SKU0019,21270,497,1637
2026-04-10,NV,Nevada DC,SKU0019,19659,679,937
2026-04-10,WI,Wisconsin DC,SKU0019,2881,43,89
2026-04-10,WA,Washington DC,SKU0019,25955,1144,2076
2026-04-10,PA,Pennsylvania DC,SKU0020,152835,4453,5943
2026-04-10,TX,Texas DC,SKU0020,72128,3637,6632
2026-04-10,FL,Florida DC,SKU0020,4375,5,137
2026-04-10,NV,Nevada DC,SKU0020,9242,75,426
2026-04-10,WI,Wisconsin DC,SKU0020,45586,893,3470
2026-04-10,WA,Washington DC,SKU0020,3105,43,236
2026-04-10,PA,Pennsylvania DC,SKU0021,126030,5663,656
2026-04-10,TX,Texas DC,SKU0021,67024,3849,269
2026-04-10,FL,Florida DC,SKU0021,58016,2162,1383
2026-04-10,NV,Nevada DC,SKU0021,56823,1585,1456
2026-04-10,WI,Wisconsin DC,SKU0021,78477,3382,6103
2026-04-10,WA,Washington DC,SKU0021,1341,64,11
2026-04-10,PA,Pennsylvania DC,SKU0022,49487,2845,1962
2026-04-10,TX,Texas DC,SKU0022,39614,1490,403
2026-04-10,FL,Florida DC,SKU0022,59889,434,5892
2026-04-10,NV,Nevada DC,SKU0022,336,5,11
2026-04-10,WI,Wisconsin DC,SKU0022,43015,2192,3537
2026-04-10,WA,Washington DC,SKU0022,52099,2590,3685
2026-04-10,PA,Pennsylvania DC,SKU0023,84655,1371,6841
2026-04-10,TX,Texas DC,SKU0023,65431,2869,1756
2026-04-10,FL,Florida DC,SKU0023,66710,3528,1626
2026-04-10,NV,Nevada DC,SKU0023,60564,104,5153
2026-04-10,WI,Wisconsin DC,SKU0023,35169,718,3095
2026-04-10,WA,Washington DC,SKU0023,2263,62,93
2026-04-10,PA,Pennsylvania DC,SKU0024,42669,1421,1025
2026-04-10,TX,Texas DC,SKU0024,60836,62,1790
2026-04-10,FL,Florida DC,SKU0024,26608,589,1472
2026-04-10,NV,Nevada DC,SKU0024,45321,956,2056
2026-04-10,WI,Wisconsin DC,SKU0024,26894,509,1997
2026-04-10,WA,Washington DC,SKU0024,36767,1629,1016
2026-04-10,PA,Pennsylvania DC,SKU0025,100914,5936,8402
2026-04-10,TX,Texas DC,SKU0025,63118,2681,798
2026-04-10,FL,Florida DC,SKU0025,31539,1786,2011
2026-04-10,NV,Nevada DC,SKU0025,32499,554,1555
2026-04-10,WI,Wisconsin DC,SKU0025,62003,3205,707
2026-04-10,WA,Washington DC,SKU0025,50629,2085,768
2026-04-10,PA,Pennsylvania DC,SKU0026,95601,1423,5335
2026-04-10,TX,Texas DC,SKU0026,82618,3845,3142
2026-04-10,FL,Florida DC,SKU0026,46706,1201,2655
2026-04-10,NV,Nevada DC,SKU0026,70013,3204,4379
2026-04-10,WI,Wisconsin DC,SKU0026,30690,1016,480
2026-04-10,WA,Washington DC,SKU0026,3346,75,158
2026-04-10,PA,Pennsylvania DC,SKU0027,2385,3,54
2026-04-10,TX,Texas DC,SKU0027,81715,1144,2161
2026-04-10,FL,Florida DC,SKU0027,59086,701,678
2026-04-10,NV,Nevada DC,SKU0027,34997,298,208
2026-04-10,WI,Wisconsin DC,SKU0027,2519,74,166
2026-04-10,WA,Washington DC,SKU0027,2364,51,88
2026-04-10,PA,Pennsylvania DC,SKU0028,67618,2190,2960
2026-04-10,TX,Texas DC,SKU0028,104774,3795,270
2026-04-10,FL,Florida DC,SKU0028,76775,2704,159
2026-04-10,NV,Nevada DC,SKU0028,57594,2637,1008
2026-04-10,WI,Wisconsin DC,SKU0028,38872,2325,1694
2026-04-10,WA,Washington DC,SKU0028,74500,1825,2391
2026-04-10,PA,Pennsylvania DC,SKU0029,58748,1746,3892
2026-04-10,TX,Texas DC,SKU0029,86053,454,2171
2026-04-10,FL,Florida DC,SKU0029,73547,3640,8
2026-04-10,NV,Nevada DC,SKU0029,52669,1638,3279
2026-04-10,WI,Wisconsin DC,SKU0029,46040,737,603
2026-04-10,WA,Washington DC,SKU0029,67619,117,4260
2026-04-10,PA,Pennsylvania DC,SKU0030,1960,69,48
2026-04-10,TX,Texas DC,SKU0030,71815,3625,814
2026-04-10,FL,Florida DC,SKU0030,962,31,11
2026-04-10,NV,Nevada DC,SKU0030,48895,1218,2359
2026-04-10,WI,Wisconsin DC,SKU0030,3868,47,170
2026-04-10,WA,Washington DC,SKU0030,3142,29,150
2026-04-10,PA,Pennsylvania DC,SKU0031,39067,1811,3337
2026-04-10,TX,Texas DC,SKU0031,2784,130,113
2026-04-10,FL,Florida DC,SKU0031,28833,1015,2880
2026-04-10,NV,Nevada DC,SKU0031,25000,517,1379
2026-04-10,WI,Wisconsin DC,SKU0031,31130,352,2171
2026-04-10,WA,Washington DC,SKU0031,27359,71,2037
2026-04-10,PA,Pennsylvania DC,SKU0032,3123,60,165
2026-04-10,TX,Texas DC,SKU0032,72359,160,3634
2026-04-10,FL,Florida DC,SKU0032,56987,1505,2997
2026-04-10,NV,Nevada DC,SKU0032,46535,1828,718
2026-04-10,WI,Wisconsin DC,SKU0032,3846,150,81
2026-04-10,WA,Washington DC,SKU0032,29483,581,1988
2026-04-10,PA,Pennsylvania DC,SKU0033,4371,83,110
2026-04-10,TX,Texas DC,SKU0033,83000,178,567
2026-04-10,FL,Florida DC,SKU0033,72625,3254,3151
2026-04-10,NV,Nevada DC,SKU0033,54066,1439,3752
2026-04-10,WI,Wisconsin DC,SKU0033,27198,478,1019
2026-04-10,WA,Washington DC,SKU0033,43484,2067,739
2026-04-10,PA,Pennsylvania DC,SKU0034,81080,1171,7401
2026-04-10,TX,Texas DC,SKU0034,53641,821,50
2026-04-10,FL,Florida DC,SKU0034,3811,171,206
2026-04-10,NV,Nevada DC,SKU0034,39602,1396,2530
2026-04-10,WI,Wisconsin DC,SKU0034,31401,375,1207
2026-04-10,WA,Washington DC,SKU0034,29750,1026,2953
2026-04-10,PA,Pennsylvania DC,SKU0035,72761,1198,4117
2026-04-10,TX,Texas DC,SKU0035,55507,2019,2757
2026-04-10,FL,Florida DC,SKU0035,31270,1138,1101
2026-04-10,NV,Nevada DC,SKU0035,38644,1671,2547
2026-04-10,WI,Wisconsin DC,SKU0035,37489,1453,1158
2026-04-10,WA,Washington DC,SKU0035,37667,203,1111
2026-04-10,PA,Pennsylvania DC,SKU0036,3403,29,35
2026-04-10,TX,Texas DC,SKU0036,84467,4629,7014
2026-04-10,FL,Florida DC,SKU0036,60488,2926,4515
2026-04-10,NV,Nevada DC,SKU0036,35386,298,3420
2026-04-10,WI,Wisconsin DC,SKU0036,60767,3526,4889
2026-04-10,WA,Washington DC,SKU0036,50664,1631,2304
2026-04-10,PA,Pennsylvania DC,SKU0037,84029,4146,7901
2026-04-10,TX,Texas DC,SKU0037,53862,2857,3023
2026-04-10,FL,Florida DC,SKU0037,37416,1849,3402
2026-04-10,NV,Nevada DC,SKU0037,43280,2457,1317
2026-04-10,WI,Wisconsin DC,SKU0037,4035,23,75
2026-04-10,WA,Washington DC,SKU0037,41732,2377,2906
2026-04-10,PA,Pennsylvania DC,SKU0038,4425,92,262
2026-04-10,TX,Texas DC,SKU0038,1265,56,66
2026-04-10,FL,Florida DC,SKU0038,4008,123,301
2026-04-10,NV,Nevada DC,SKU0038,2291,3,67
2026-04-10,WI,Wisconsin DC,SKU0038,51824,308,3553
2026-04-10,WA,Washington DC,SKU0038,46376,1107,880
2026-04-10,PA,Pennsylvania DC,SKU0039,81562,3243,5233
2026-04-10,TX,Texas DC,SKU0039,51102,746,643
2026-04-10,FL,Florida DC,SKU0039,37215,462,803
2026-04-10,NV,Nevada DC,SKU0039,47193,2549,13
2026-04-10,WI,Wisconsin DC,SKU0039,1185,58,51
2026-04-10,WA,Washington DC,SKU0039,33327,263,1193
2026-04-10,PA,Pennsylvania DC,SKU0040,1949,57,2
2026-04-10,TX,Texas DC,SKU0040,44922,306,285
2026-04-10,FL,Florida DC,SKU0040,36501,989,808
2026-04-10,NV,Nevada DC,SKU0040,51260,2026,1546
2026-04-10,WI,Wisconsin DC,SKU0040,22503,1144,959
2026-04-10,WA,Washington DC,SKU0040,41016,2213,1321
2026-04-10,PA,Pennsylvania DC,SKU0041,35084,1232,2498
2026-04-10,TX,Texas DC,SKU0041,3120,155,132
2026-04-10,FL,Florida DC,SKU0041,3716,93,127
2026-04-10,NV,Nevada DC,SKU0041,21614,1138,1191
2026-04-10,WI,Wisconsin DC,SKU0041,1761,37,125
2026-04-10,WA,Washington DC,SKU0041,3389,57,122
2026-04-10,PA,Pennsylvania DC,SKU0042,64964,2592,2431
2026-04-10,TX,Texas DC,SKU0042,103377,5159,963
2026-04-10,FL,Florida DC,SKU0042,76955,2568,4513
2026-04-10,NV,Nevada DC,SKU0042,4600,129,246
2026-04-10,WI,Wisconsin DC,SKU0042,81429,2066,7457
2026-04-10,WA,Washington DC,SKU0042,40830,253,2071
2026-04-10,PA,Pennsylvania DC,SKU0043,105278,2211,5856
2026-04-10,TX,Texas DC,SKU0043,73065,1881,4098
2026-04-10,FL,Florida DC,SKU0043,4560,5,338
2026-04-10,NV,Nevada DC,SKU0043,50196,2116,1550
2026-04-10,WI,Wisconsin DC,SKU0043,39505,1342,1583
2026-04-10,WA,Washington DC,SKU0043,73969,3311,1591
2026-04-10,PA,Pennsylvania DC,SKU0044,69644,3015,5410
2026-04-10,TX,Texas DC,SKU0044,4649,138,328
2026-04-10,FL,Florida DC,SKU0044,67139,328,2975
2026-04-10,NV,Nevada DC,SKU0044,57594,744,2950
2026-04-10,WI,Wisconsin DC,SKU0044,36220,1288,1908
2026-04-10,WA,Washington DC,SKU0044,41692,137,852
2026-04-10,PA,Pennsylvania DC,SKU0045,77533,1346,930
2026-04-10,TX,Texas DC,SKU0045,55564,1775,1278
2026-04-10,FL,Florida DC,SKU0045,53658,1278,3981
2026-04-10,NV,Nevada DC,SKU0045,46397,871,1991
2026-04-10,WI,Wisconsin DC,SKU0045,44989,1093,4346
2026-04-10,WA,Washington DC,SKU0045,49691,2056,1798
2026-04-10,PA,Pennsylvania DC,SKU0046,3577,151,69
2026-04-10,TX,Texas DC,SKU0046,62892,1170,2135
2026-04-10,FL,Florida DC,SKU0046,32123,219,1638
2026-04-10,NV,Nevada DC,SKU0046,37786,1856,3079
2026-04-10,WI,Wisconsin DC,SKU0046,27544,995,2093
2026-04-10,WA,Washington DC,SKU0046,617,5,38
2026-04-10,PA,Pennsylvania DC,SKU0047,95780,2579,8851
2026-04-10,TX,Texas DC,SKU0047,4624,148,364
2026-04-10,FL,Florida DC,SKU0047,68928,1818,3232
2026-04-10,NV,Nevada DC,SKU0047,58520,1235,434
2026-04-10,WI,Wisconsin DC,SKU0047,32809,565,2115
2026-04-10,WA,Washington DC,SKU0047,31308,722,1816
2026-04-10,PA,Pennsylvania DC,SKU0048,83840,4572,4792
2026-04-10,TX,Texas DC,SKU0048,82662,4750,3724
2026-04-10,FL,Florida DC,SKU0048,82801,418,5349
2026-04-10,NV,Nevada DC,SKU0048,70050,2202,4271
2026-04-10,WI,Wisconsin DC,SKU0048,70704,3285,4800
2026-04-10,WA,Washington DC,SKU0048,55713,1102,3108
2026-04-10,PA,Pennsylvania DC,SKU0049,3166,44,183
2026-04-10,TX,Texas DC,SKU0049,143831,2876,8381
2026-04-10,FL,Florida DC,SKU0049,68717,2879,2693
2026-04-10,NV,Nevada DC,SKU0049,101697,2298,8050
2026-04-10,WI,Wisconsin DC,SKU0049,86005,3812,5894
2026-04-10,WA,Washington DC,SKU0049,73614,1598,2669
2026-04-10,PA,Pennsylvania DC,SKU0050,1476,70,40
2026-04-10,TX,Texas DC,SKU0050,59581,553,1762
2026-04-10,FL,Florida DC,SKU0050,48896,2167,2574
2026-04-10,NV,Nevada DC,SKU0050,65798,2357,1014
2026-04-10,WI,Wisconsin DC,SKU0050,58561,3171,4223
2026-04-10,WA,Washington DC,SKU0050,39533,2299,2413
2026-04-10,PA,Pennsylvania DC,SKU0051,76601,1099,7396
2026-04-10,TX,Texas DC,SKU0051,90861,3697,5182
2026-04-10,FL,Florida DC,SKU0051,62890,1897,2632
2026-04-10,NV,Nevada DC,SKU0051,36792,1927,191
2026-04-10,WI,Wisconsin DC,SKU0051,43897,1873,2264
2026-04-10,WA,Washington DC,SKU0051,27167,732,1394
2026-04-10,PA,Pennsylvania DC,SKU0052,53865,2639,4765
2026-04-10,TX,Texas DC,SKU0052,61919,1389,2391
2026-04-10,FL,Florida DC,SKU0052,42466,252,3035
2026-04-10,NV,Nevada DC,SKU0052,32847,1808,1551
2026-04-10,WI,Wisconsin DC,SKU0052,1136,43,42
2026-04-10,WA,Washington DC,SKU0052,57624,745,861
2026-04-10,PA,Pennsylvania DC,SKU0053,62604,2915,1487
2026-04-10,TX,Texas DC,SKU0053,46219,1727,290
2026-04-10,FL,Florida DC,SKU0053,41393,1569,2380
2026-04-10,NV,Nevada DC,SKU0053,28365,600,1618
2026-04-10,WI,Wisconsin DC,SKU0053,44545,963,4246
2026-04-10,WA,Washington DC,SKU0053,44960,54,3926
2026-04-10,PA,Pennsylvania DC,SKU0054,79743,3575,2847
2026-04-10,TX,Texas DC,SKU0054,74944,466,4361
2026-04-10,FL,Florida DC,SKU0054,38292,777,2461
2026-04-10,NV,Nevada DC,SKU0054,77404,2222,1410
2026-04-10,WI,Wisconsin DC,SKU0054,71529,158,1441
2026-04-10,WA,Washington DC,SKU0054,71341,1327,2840
2026-04-10,PA,Pennsylvania DC,SKU0055,47126,1829,1348
2026-04-10,TX,Texas DC,SKU0055,36412,596,2910
2026-04-10,FL,Florida DC,SKU0055,3579,159,212
2026-04-10,NV,Nevada DC,SKU0055,3167,53,47
2026-04-10,WI,Wisconsin DC,SKU0055,29456,471,243
2026-04-10,WA,Washington DC,SKU0055,32029,346,940
2026-04-10,PA,Pennsylvania DC,SKU0056,48110,1287,3452
2026-04-10,TX,Texas DC,SKU0056,46177,2013,4209
2026-04-10,FL,Florida DC,SKU0056,3563,48,279
2026-04-10,NV,Nevada DC,SKU0056,21196,462,1698
2026-04-10,WI,Wisconsin DC,SKU0056,39976,1457,3123
2026-04-10,WA,Washington DC,SKU0056,21112,464,808
2026-04-10,PA,Pennsylvania DC,SKU0057,82551,4699,3071
2026-04-10,TX,Texas DC,SKU0057,72686,1735,4721
2026-04-10,FL,Florida DC,SKU0057,36786,1101,1423
2026-04-10,NV,Nevada DC,SKU0057,4601,27,285
2026-04-10,WI,Wisconsin DC,SKU0057,37202,1549,3715
2026-04-10,WA,Washington DC,SKU0057,1639,10,111
2026-04-10,PA,Pennsylvania DC,SKU0058,3703,31,211
2026-04-10,TX,Texas DC,SKU0058,94346,5584,6300
2026-04-10,FL,Florida DC,SKU0058,55360,996,871
2026-04-10,NV,Nevada DC,SKU0058,58468,1268,1311
2026-04-10,WI,Wisconsin DC,SKU0058,1646,65,31
2026-04-10,WA,Washington DC,SKU0058,4047,5,179
2026-04-10,PA,Pennsylvania DC,SKU0059,105281,3865,907
2026-04-10,TX,Texas DC,SKU0059,121009,3816,9307
2026-04-10,FL,Florida DC,SKU0059,42720,1646,1922
2026-04-10,NV,Nevada DC,SKU0059,4238,73,297
2026-04-10,WI,Wisconsin DC,SKU0059,61816,3583,2674
2026-04-10,WA,Washington DC,SKU0059,33236,305,547
2026-04-10,PA,Pennsylvania DC,SKU0060,2643,123,47
2026-04-10,TX,Texas DC,SKU0060,70077,331,1375
2026-04-10,FL,Florida DC,SKU0060,42732,1575,399
2026-04-10,NV,Nevada DC,SKU0060,52813,542,3298
2026-04-10,WI,Wisconsin DC,SKU0060,4957,83,366
2026-04-10,WA,Washington DC,SKU0060,57958,3298,4468
2026-04-10,PA,Pennsylvania DC,SKU0061,30414,1127,92
2026-04-10,TX,Texas DC,SKU0061,4469,64,342
2026-04-10,FL,Florida DC,SKU0061,34772,620,253
2026-04-10,NV,Nevada DC,SKU0061,25554,312,1550
2026-04-10,WI,Wisconsin DC,SKU0061,32049,1655,3125
2026-04-10,WA,Washington DC,SKU0061,24113,461,1124
2026-04-10,PA,Pennsylvania DC,SKU0062,2191,49,24
2026-04-10,TX,Texas DC,SKU0062,109521,2747,10543
2026-04-10,FL,Florida DC,SKU0062,1308,53,97
2026-04-10,NV,Nevada DC,SKU0062,2561,24,32
2026-04-10,WI,Wisconsin DC,SKU0062,56004,1671,504
2026-04-10,WA,Washington DC,SKU0062,53107,1858,258
2026-04-10,PA,Pennsylvania DC,SKU0063,45164,1822,1290
2026-04-10,TX,Texas DC,SKU0063,29252,464,1069
2026-04-10,FL,Florida DC,SKU0063,16573,558,600
2026-04-10,NV,Nevada DC,SKU0063,26118,861,2155
2026-04-10,WI,Wisconsin DC,SKU0063,26080,151,973
2026-04-10,WA,Washington DC,SKU0063,26670,230,1606
2026-04-10,PA,Pennsylvania DC,SKU0064,3288,82,11
2026-04-10,TX,Texas DC,SKU0064,52820,1448,3202
2026-04-10,FL,Florida DC,SKU0064,4223,29,314
2026-04-10,NV,Nevada DC,SKU0064,2609,21,206
2026-04-10,WI,Wisconsin DC,SKU0064,32144,1597,1711
2026-04-10,WA,Washington DC,SKU0064,4611,69,300
2026-04-10,PA,Pennsylvania DC,SKU0065,52178,1827,4157
2026-04-10,TX,Texas DC,SKU0065,218,6,4
2026-04-10,FL,Florida DC,SKU0065,45349,619,232
2026-04-10,NV,Nevada DC,SKU0065,3935,33,198
2026-04-10,WI,Wisconsin DC,SKU0065,3114,23,169
2026-04-10,WA,Washington DC,SKU0065,258,7,14
2026-04-10,PA,Pennsylvania DC,SKU0066,63254,1567,1289
2026-04-10,TX,Texas DC,SKU0066,78825,4012,5733
2026-04-10,FL,Florida DC,SKU0066,57687,3454,2759
2026-04-10,NV,Nevada DC,SKU0066,71898,2299,3927
2026-04-10,WI,Wisconsin DC,SKU0066,57853,2789,1529
2026-04-10,WA,Washington DC,SKU0066,60638,1086,5708
2026-04-10,PA,Pennsylvania DC,SKU0067,88869,3680,4345
2026-04-10,TX,Texas DC,SKU0067,77590,3359,2232
2026-04-10,FL,Florida DC,SKU0067,48768,1154,1683
2026-04-10,NV,Nevada DC,SKU0067,33977,1947,268
2026-04-10,WI,Wisconsin DC,SKU0067,56362,723,4666
2026-04-10,WA,Washington DC,SKU0067,54745,358,4056
2026-04-10,PA,Pennsylvania DC,SKU0068,45319,613,1055
2026-04-10,TX,Texas DC,SKU0068,50957,2082,700
2026-04-10,FL,Florida DC,SKU0068,4508,220,56
2026-04-10,NV,Nevada DC,SKU0068,54717,2135,4136
2026-04-10,WI,Wisconsin DC,SKU0068,2353,37,121
2026-04-10,WA,Washington DC,SKU0068,25116,806,1816
2026-04-10,PA,Pennsylvania DC,SKU0069,305,13,4
2026-04-10,TX,Texas DC,SKU0069,59983,3588,2381
2026-04-10,FL,Florida DC,SKU0069,4058,37,243
2026-04-10,NV,Nevada DC,SKU0069,37641,673,2268
2026-04-10,WI,Wisconsin DC,SKU0069,39787,1530,2086
2026-04-10,WA,Washington DC,SKU0069,1099,46,41
2026-04-10,PA,Pennsylvania DC,SKU0070,48623,1338,1250
2026-04-10,TX,Texas DC,SKU0070,86324,2940,6537
2026-04-10,FL,Florida DC,SKU0070,62112,3081,3200
2026-04-10,NV,Nevada DC,SKU0070,52936,446,1713
2026-04-10,WI,Wisconsin DC,SKU0070,35495,1605,3386
2026-04-10,WA,Washington DC,SKU0070,2473,72,113
2026-04-10,PA,Pennsylvania DC,SKU0071,38619,1547,1797
2026-04-10,TX,Texas DC,SKU0071,55465,2954,4269
2026-04-10,FL,Florida DC,SKU0071,41875,923,924
2026-04-10,NV,Nevada DC,SKU0071,1094,26,39
2026-04-10,WI,Wisconsin DC,SKU0071,25402,1391,1923
2026-04-10,WA,Washington DC,SKU0071,35271,1439,2101
2026-04-10,PA,Pennsylvania DC,SKU0072,50790,1102,4658
2026-04-10,TX,Texas DC,SKU0072,55290,670,2967
2026-04-10,FL,Florida DC,SKU0072,39232,1601,2812
2026-04-10,NV,Nevada DC,SKU0072,38474,128,507
2026-04-10,WI,Wisconsin DC,SKU0072,29743,1200,916
2026-04-10,WA,Washington DC,SKU0072,22555,294,164
2026-04-10,PA,Pennsylvania DC,SKU0073,79439,287,7103
2026-04-10,TX,Texas DC,SKU0073,66277,715,897
2026-04-10,FL,Florida DC,SKU0073,3443,64,245
2026-04-10,NV,Nevada DC,SKU0073,65796,316,6343
2026-04-10,WI,Wisconsin DC,SKU0073,34173,243,3392
2026-04-10,WA,Washington DC,SKU0073,30389,1522,2297
2026-04-10,PA,Pennsylvania DC,SKU0074,83663,2129,3173
2026-04-10,TX,Texas DC,SKU0074,84207,952,7369
2026-04-10,FL,Florida DC,SKU0074,40534,1495,3794
2026-04-10,NV,Nevada DC,SKU0074,53806,1917,2402
2026-04-10,WI,Wisconsin DC,SKU0074,85008,225,3731
2026-04-10,WA,Washington DC,SKU0074,4421,48,305
2026-04-10,PA,Pennsylvania DC,SKU0075,104924,5135,7675
2026-04-10,TX,Texas DC,SKU0075,2612,75,161
2026-04-10,FL,Florida DC,SKU0075,63769,3771,3323
2026-04-10,NV,Nevada DC,SKU0075,3387,50,16
2026-04-10,WI,Wisconsin DC,SKU0075,88885,3338,3797
2026-04-10,WA,Washington DC,SKU0075,91970,3704,7227
2026-04-10,PA,Pennsylvania DC,SKU0076,58139,1313,4386
2026-04-10,TX,Texas DC,SKU0076,72408,3074,5834
2026-04-10,FL,Florida DC,SKU0076,472,13,36
2026-04-10,NV,Nevada DC,SKU0076,29151,355,1885
2026-04-10,WI,Wisconsin DC,SKU0076,48963,2128,932
2026-04-10,WA,Washington DC,SKU0076,45817,2401,862
2026-04-10,PA,Pennsylvania DC,SKU0077,148753,4278,12933
2026-04-10,TX,Texas DC,SKU0077,2727,41,198
2026-04-10,FL,Florida DC,SKU0077,69789,3127,5264
2026-04-10,NV,Nevada DC,SKU0077,108450,2580,2595
2026-04-10,WI,Wisconsin DC,SKU0077,69832,2718,2153
2026-04-10,WA,Washington DC,SKU0077,108770,5239,7857
2026-04-10,PA,Pennsylvania DC,SKU0078,57020,1070,260
2026-04-10,TX,Texas DC,SKU0078,69981,2323,4087
2026-04-10,FL,Florida DC,SKU0078,35808,494,2040
2026-04-10,NV,Nevada DC,SKU0078,43298,876,3305
2026-04-10,WI,Wisconsin DC,SKU0078,50656,1400,3711
2026-04-10,WA,Washington DC,SKU0078,28980,320,2577
2026-04-10,PA,Pennsylvania DC,SKU0079,141886,7143,1054
2026-04-10,TX,Texas DC,SKU0079,397,15,13
2026-04-10,FL,Florida DC,SKU0079,62618,34,3166
2026-04-10,NV,Nevada DC,SKU0079,3057,9,155
2026-04-10,WI,Wisconsin DC,SKU0079,3958,130,4
2026-04-10,WA,Washington DC,SKU0079,4359,120,4
2026-04-10,PA,Pennsylvania DC,SKU0080,54137,55,4402
2026-04-10,TX,Texas DC,SKU0080,73817,473,710
2026-04-10,FL,Florida DC,SKU0080,32650,1597,872
2026-04-10,NV,Nevada DC,SKU0080,37129,1258,3676
2026-04-10,WI,Wisconsin DC,SKU0080,1850,27,122
2026-04-10,WA,Washington DC,SKU0080,56071,106,2272
2026-04-10,PA,Pennsylvania DC,SKU0081,74325,3134,614
2026-04-10,TX,Texas DC,SKU0081,81919,4803,7977
2026-04-10,FL,Florida DC,SKU0081,74353,4020,5147
2026-04-10,NV,Nevada DC,SKU0081,43203,1774,1211
2026-04-10,WI,Wisconsin DC,SKU0081,53319,2720,83
2026-04-10,WA,Washington DC,SKU0081,34249,1686,3181
2026-04-10,PA,Pennsylvania DC,SKU0082,31274,1593,2117
2026-04-10,TX,Texas DC,SKU0082,28087,1332,1936
2026-04-10,FL,Florida DC,SKU0082,642,16,50
2026-04-10,NV,Nevada DC,SKU0082,25788,526,1983
2026-04-10,WI,Wisconsin DC,SKU0082,4879,96,301
2026-04-10,WA,Washington DC,SKU0082,18546,545,659
2026-04-10,PA,Pennsylvania DC,SKU0083,53503,2120,458
2026-04-10,TX,Texas DC,SKU0083,2419,96,138
2026-04-10,FL,Florida DC,SKU0083,30564,1162,2260
2026-04-10,NV,Nevada DC,SKU0083,24762,457,891
2026-04-10,WI,Wisconsin DC,SKU0083,2209,11,15
2026-04-10,WA,Washington DC,SKU0083,3530,79,156
2026-04-10,PA,Pennsylvania DC,SKU0084,3342,17,23
2026-04-10,TX,Texas DC,SKU0084,4540,21,217
2026-04-10,FL,Florida DC,SKU0084,31335,729,265
2026-04-10,NV,Nevada DC,SKU0084,49569,1701,840
2026-04-10,WI,Wisconsin DC,SKU0084,3118,26,67
2026-04-10,WA,Washington DC,SKU0084,22441,371,672
2026-04-10,PA,Pennsylvania DC,SKU0085,108629,4698,5385
2026-04-10,TX,Texas DC,SKU0085,112230,45,4440
2026-04-10,FL,Florida DC,SKU0085,77460,2045,3335
2026-04-10,NV,Nevada DC,SKU0085,88810,1600,5357
2026-04-10,WI,Wisconsin DC,SKU0085,65743,1570,2098
2026-04-10,WA,Washington DC,SKU0085,78964,3704,2573
2026-04-10,PA,Pennsylvania DC,SKU0086,122902,6873,2455
2026-04-10,TX,Texas DC,SKU0086,85088,137,6187
2026-04-10,FL,Florida DC,SKU0086,1717,37,40
2026-04-10,NV,Nevada DC,SKU0086,80005,1964,3994
2026-04-10,WI,Wisconsin DC,SKU0086,46237,1984,3648
2026-04-10,WA,Washington DC,SKU0086,605,13,28
2026-04-10,PA,Pennsylvania DC,SKU0087,100730,5255,4213
2026-04-10,TX,Texas DC,SKU0087,121947,5943,7241
2026-04-10,FL,Florida DC,SKU0087,42628,1700,709
2026-04-10,NV,Nevada DC,SKU0087,54885,2129,5306
2026-04-10,WI,Wisconsin DC,SKU0087,70112,414,1556
2026-04-10,WA,Washington DC,SKU0087,70026,928,2619
2026-04-10,PA,Pennsylvania DC,SKU0088,93625,846,9340
2026-04-10,TX,Texas DC,SKU0088,3954,20,131
2026-04-10,FL,Florida DC,SKU0088,43444,369,1354
2026-04-10,NV,Nevada DC,SKU0088,3730,146,155
2026-04-10,WI,Wisconsin DC,SKU0088,38203,1037,256
2026-04-10,WA,Washington DC,SKU0088,67311,1385,736
2026-04-10,PA,Pennsylvania DC,SKU0089,67384,2086,3718
2026-04-10,TX,Texas DC,SKU0089,41413,1982,2608
2026-04-10,FL,Florida DC,SKU0089,42192,1866,3725
2026-04-10,NV,Nevada DC,SKU0089,31535,406,877
2026-04-10,WI,Wisconsin DC,SKU0089,47657,2286,2558
2026-04-10,WA,Washington DC,SKU0089,22614,910,1106
2026-04-10,PA,Pennsylvania DC,SKU0090,49913,1175,570
2026-04-10,TX,Texas DC,SKU0090,2883,121,142
2026-04-10,FL,Florida DC,SKU0090,52382,1931,443
2026-04-10,NV,Nevada DC,SKU0090,24030,263,1666
2026-04-10,WI,Wisconsin DC,SKU0090,34233,788,635
2026-04-10,WA,Washington DC,SKU0090,43197,2591,2397
2026-04-10,PA,Pennsylvania DC,SKU0091,4011,57,60
2026-04-10,TX,Texas DC,SKU0091,36368,2076,1762
2026-04-10,FL,Florida DC,SKU0091,1598,65,123
2026-04-10,NV,Nevada DC,SKU0091,4140,135,135
2026-04-10,WI,Wisconsin DC,SKU0091,25391,254,1435
2026-04-10,WA,Washington DC,SKU0091,1806,26,39
2026-04-10,PA,Pennsylvania DC,SKU0092,89799,4000,6877
2026-04-10,TX,Texas DC,SKU0092,72244,3359,5947
2026-04-10,FL,Florida DC,SKU0092,88988,3838,4861
2026-04-10,NV,Nevada DC,SKU0092,51055,2301,1519
2026-04-10,WI,Wisconsin DC,SKU0092,66602,3263,2924
2026-04-10,WA,Washington DC,SKU0092,80653,3923,4741
2026-04-10,PA,Pennsylvania DC,SKU0093,117995,1175,1642
2026-04-10,TX,Texas DC,SKU0093,65667,1382,1845
2026-04-10,FL,Florida DC,SKU0093,72336,1255,1933
2026-04-10,NV,Nevada DC,SKU0093,109925,628,10583
2026-04-10,WI,Wisconsin DC,SKU0093,92092,4790,1168
2026-04-10,WA,Washington DC,SKU0093,51811,2575,3945
2026-04-10,PA,Pennsylvania DC,SKU0094,86670,1397,3590
2026-04-10,TX,Texas DC,SKU0094,78477,438,4046
2026-04-10,FL,Florida DC,SKU0094,71998,4104,2356
2026-04-10,NV,Nevada DC,SKU0094,81552,3576,3738
2026-04-10,WI,Wisconsin DC,SKU0094,37350,1197,813
2026-04-10,WA,Washington DC,SKU0094,36197,1799,1222
2026-04-10,PA,Pennsylvania DC,SKU0095,96608,1992,6593
2026-04-10,TX,Texas DC,SKU0095,70514,1944,876
2026-04-10,FL,Florida DC,SKU0095,64410,3702,1303
2026-04-10,NV,Nevada DC,SKU0095,47383,451,4419
2026-04-10,WI,Wisconsin DC,SKU0095,68284,1523,6171
2026-04-10,WA,Washington DC,SKU0095,1355,3,67
2026-04-10,PA,Pennsylvania DC,SKU0096,58308,319,554
2026-04-10,TX,Texas DC,SKU0096,43229,1347,1923
2026-04-10,FL,Florida DC,SKU0096,36375,1877,2524
2026-04-10,NV,Nevada DC,SKU0096,30754,1487,317
2026-04-10,WI,Wisconsin DC,SKU0096,31557,1540,2759
2026-04-10,WA,Washington DC,SKU0096,43706,1477,2667
2026-04-10,PA,Pennsylvania DC,SKU0097,98688,4430,9078
2026-04-10,TX,Texas DC,SKU0097,3624,155,25
2026-04-10,FL,Florida DC,SKU0097,101174,2331,9745
2026-04-10,NV,Nevada DC,SKU0097,2576,101,51
2026-04-10,WI,Wisconsin DC,SKU0097,56801,2457,1618
2026-04-10,WA,Washington DC,SKU0097,45833,2408,941
2026-04-10,PA,Pennsylvania DC,SKU0098,68789,2666,5391
2026-04-10,TX,Texas DC,SKU0098,1960,48,17
2026-04-10,FL,Florida DC,SKU0098,64354,3775,6350
2026-04-10,NV,Nevada DC,SKU0098,39621,1351,1447
2026-04-10,WI,Wisconsin DC,SKU0098,73050,3376,121
2026-04-10,WA,Washington DC,SKU0098,39783,144,3140
2026-04-10,PA,Pennsylvania DC,SKU0099,60692,1512,4259
2026-04-10,TX,Texas DC,SKU0099,56420,939,1748
2026-04-10,FL,Florida DC,SKU0099,30498,981,1191
2026-04-10,NV,Nevada DC,SKU0099,541,8,18
2026-04-10,WI,Wisconsin DC,SKU0099,1954,5,13
2026-04-10,WA,Washington DC,SKU0099,3559,20,174
2026-04-10,PA,Pennsylvania DC,SKU0100,450,6,26
2026-04-10,TX,Texas DC,SKU0100,27733,1167,454
2026-04-10,FL,Florida DC,SKU0100,2840,74,177
2026-04-10,NV,Nevada DC,SKU0100,2123,17,21
2026-04-10,WI,Wisconsin DC,SKU0100,2201,80,20
2026-04-10,WA,Washington DC,SKU0100,19556,614,514
2026-04-10,PA,Pennsylvania DC,SKU0101,97746,2995,541
2026-04-10,TX,Texas DC,SKU0101,4643,38,58
2026-04-10,FL,Florida DC,SKU0101,88200,610,6533
2026-04-10,NV,Nevada DC,SKU0101,79879,220,2907
2026-04-10,WI,Wisconsin DC,SKU0101,45344,96,3641
2026-04-10,WA,Washington DC,SKU0101,56249,837,5151
2026-04-10,PA,Pennsylvania DC,SKU0102,74932,536,5045
2026-04-10,TX,Texas DC,SKU0102,431,3,27
2026-04-10,FL,Florida DC,SKU0102,57517,1605,1623
2026-04-10,NV,Nevada DC,SKU0102,30329,14,608
2026-04-10,WI,Wisconsin DC,SKU0102,32364,900,1914
2026-04-10,WA,Washington DC,SKU0102,39245,2120,2984
2026-04-10,PA,Pennsylvania DC,SKU0103,2008,15,149
2026-04-10,TX,Texas DC,SKU0103,45573,1896,43
2026-04-10,FL,Florida DC,SKU0103,36342,1609,1117
2026-04-10,NV,Nevada DC,SKU0103,42728,2464,4155
2026-04-10,WI,Wisconsin DC,SKU0103,1166,41,8
2026-04-10,WA,Washington DC,SKU0103,37474,1575,1395
2026-04-10,PA,Pennsylvania DC,SKU0104,695,20,28
2026-04-10,TX,Texas DC,SKU0104,77527,289,5135
2026-04-10,FL,Florida DC,SKU0104,49682,2760,1952
2026-04-10,NV,Nevada DC,SKU0104,47716,668,4502
2026-04-10,WI,Wisconsin DC,SKU0104,60709,384,2729
2026-04-10,WA,Washington DC,SKU0104,33562,1551,1516
2026-04-10,PA,Pennsylvania DC,SKU0105,113626,5505,3456
2026-04-10,TX,Texas DC,SKU0105,79480,4084,1178
2026-04-10,FL,Florida DC,SKU0105,77751,228,2323
2026-04-10,NV,Nevada DC,SKU0105,43171,2213,2400
2026-04-10,WI,Wisconsin DC,SKU0105,32892,1566,399
2026-04-10,WA,Washington DC,SKU0105,61859,735,2477
2026-04-10,PA,Pennsylvania DC,SKU0106,99720,3506,9148
2026-04-10,TX,Texas DC,SKU0106,99632,3861,8063
2026-04-10,FL,Florida DC,SKU0106,753,34,49
2026-04-10,NV,Nevada DC,SKU0106,35036,353,2010
2026-04-10,WI,Wisconsin DC,SKU0106,42047,1723,726
2026-04-10,WA,Washington DC,SKU0106,34159,1810,118
2026-04-10,PA,Pennsylvania DC,SKU0107,2013,65,80
2026-04-10,TX,Texas DC,SKU0107,4511,108,31
2026-04-10,FL,Florida DC,SKU0107,3137,21,50
2026-04-10,NV,Nevada DC,SKU0107,4307,53,342
2026-04-10,WI,Wisconsin DC,SKU0107,19201,821,921
2026-04-10,WA,Washington DC,SKU0107,28414,548,768
2026-04-10,PA,Pennsylvania DC,SKU0108,213,3,3
2026-04-10,TX,Texas DC,SKU0108,35698,2123,1889
2026-04-10,FL,Florida DC,SKU0108,4784,239,372
2026-04-10,NV,Nevada DC,SKU0108,25012,1225,2294
2026-04-10,WI,Wisconsin DC,SKU0108,458,17,34
2026-04-10,WA,Washington DC,SKU0108,4716,199,300
2026-04-10,PA,Pennsylvania DC,SKU0109,96227,1016,5701
2026-04-10,TX,Texas DC,SKU0109,91522,154,6411
2026-04-10,FL,Florida DC,SKU0109,4650,131,209
2026-04-10,NV,Nevada DC,SKU0109,1542,64,99
2026-04-10,WI,Wisconsin DC,SKU0109,51276,116,288
2026-04-10,WA,Washington DC,SKU0109,28652,570,1759
2026-04-10,PA,Pennsylvania DC,SKU0110,66907,3221,5808
2026-04-10,TX,Texas DC,SKU0110,68649,583,761
2026-04-10,FL,Florida DC,SKU0110,59288,2506,3925
2026-04-10,NV,Nevada DC,SKU0110,4800,24,115
2026-04-10,WI,Wisconsin DC,SKU0110,42656,2026,4097
2026-04-10,WA,Washington DC,SKU0110,42391,1764,3937
2026-04-10,PA,Pennsylvania DC,SKU0111,86632,911,2658
2026-04-10,TX,Texas DC,SKU0111,86878,4945,8242
2026-04-10,FL,Florida DC,SKU0111,121082,235,7293
2026-04-10,NV,Nevada DC,SKU0111,111546,3785,10448
2026-04-10,WI,Wisconsin DC,SKU0111,87547,5160,1469
2026-04-10,WA,Washington DC,SKU0111,44717,1714,3964
2026-04-10,PA,Pennsylvania DC,SKU0112,51016,207,1309
2026-04-10,TX,Texas DC,SKU0112,39654,1742,3842
2026-04-10,FL,Florida DC,SKU0112,45638,1495,462
2026-04-10,NV,Nevada DC,SKU0112,57224,2359,930
2026-04-10,WI,Wisconsin DC,SKU0112,53110,1015,5054
2026-04-10,WA,Washington DC,SKU0112,24726,1085,1352
2026-04-10,PA,Pennsylvania DC,SKU0113,71266,2623,3440
2026-04-10,TX,Texas DC,SKU0113,104122,5558,1635
2026-04-10,FL,Florida DC,SKU0113,44163,1847,3188
2026-04-10,NV,Nevada DC,SKU0113,40830,581,202
2026-04-10,WI,Wisconsin DC,SKU0113,69052,1494,2952
2026-04-10,WA,Washington DC,SKU0113,65003,778,167
2026-04-10,PA,Pennsylvania DC,SKU0114,54932,2780,1693
2026-04-10,TX,Texas DC,SKU0114,68836,376,3745
2026-04-10,FL,Florida DC,SKU0114,65990,1765,1737
2026-04-10,NV,Nevada DC,SKU0114,35892,132,2699
2026-04-10,WI,Wisconsin DC,SKU0114,25878,840,2511
2026-04-10,WA,Washington DC,SKU0114,51492,2528,2155
2026-04-10,PA,Pennsylvania DC,SKU0115,76713,4058,3653
2026-04-10,TX,Texas DC,SKU0115,646,12,44
2026-04-10,FL,Florida DC,SKU0115,45868,1572,4507
2026-04-10,NV,Nevada DC,SKU0115,55883,3182,934
2026-04-10,WI,Wisconsin DC,SKU0115,1735,70,17
2026-04-10,WA,Washington DC,SKU0115,51659,3091,3240
2026-04-10,PA,Pennsylvania DC,SKU0116,76808,4212,514
2026-04-10,TX,Texas DC,SKU0116,72295,1198,3312
2026-04-10,FL,Florida DC,SKU0116,77281,2423,3242
2026-04-10,NV,Nevada DC,SKU0116,42802,1947,4021
2026-04-10,WI,Wisconsin DC,SKU0116,53580,919,2869
2026-04-10,WA,Washington DC,SKU0116,51438,1498,3132
2026-04-10,PA,Pennsylvania DC,SKU0117,306,2,9
2026-04-10,TX,Texas DC,SKU0117,4986,169,160
2026-04-10,FL,Florida DC,SKU0117,110991,328,5274
2026-04-10,NV,Nevada DC,SKU0117,66680,3175,2073
2026-04-10,WI,Wisconsin DC,SKU0117,97694,5700,2227
2026-04-10,WA,Washington DC,SKU0117,2461,119,87
2026-04-10,PA,Pennsylvania DC,SKU0118,2628,35,87
2026-04-10,TX,Texas DC,SKU0118,731,6,12
2026-04-10,FL,Florida DC,SKU0118,48737,2535,4001
2026-04-10,NV,Nevada DC,SKU0118,4221,167,22
2026-04-10,WI,Wisconsin DC,SKU0118,34008,1069,1933
2026-04-10,WA,Washington DC,SKU0118,44234,152,146
2026-04-10,PA,Pennsylvania DC,SKU0119,56816,1255,2637
2026-04-10,TX,Texas DC,SKU0119,79673,1156,3894
2026-04-10,FL,Florida DC,SKU0119,68382,2262,2354
2026-04-10,NV,Nevada DC,SKU0119,36469,197,100
2026-04-10,WI,Wisconsin DC,SKU0119,62857,808,1391
2026-04-10,WA,Washington DC,SKU0119,35273,1086,3049
2026-04-10,PA,Pennsylvania DC,SKU0120,72,1,0
2026-04-10,TX,Texas DC,SKU0120,53115,1938,5008
2026-04-10,FL,Florida DC,SKU0120,38531,2070,3281
2026-04-10,NV,Nevada DC,SKU0120,3760,47,140
2026-04-10,WI,Wisconsin DC,SKU0120,37811,232,1934
2026-04-10,WA,Washington DC,SKU0120,35919,1395,2187
2026-04-10,PA,Pennsylvania DC,SKU0121,54992,3261,3522
2026-04-10,TX,Texas DC,SKU0121,76021,4070,2271
2026-04-10,FL,Florida DC,SKU0121,81858,3955,6567
2026-04-10,NV,Nevada DC,SKU0121,72599,3141,4758
2026-04-10,WI,Wisconsin DC,SKU0121,44533,1037,157
2026-04-10,WA,Washington DC,SKU0121,59291,2584,1318
2026-04-10,PA,Pennsylvania DC,SKU0122,4379,139,166
2026-04-10,TX,Texas DC,SKU0122,49802,507,3275
2026-04-10,FL,Florida DC,SKU0122,4573,41,35
2026-04-10,NV,Nevada DC,SKU0122,1048,38,60
2026-04-10,WI,Wisconsin DC,SKU0122,52881,2854,3460
2026-04-10,WA,Washington DC,SKU0122,1820,32,108
2026-04-10,PA,Pennsylvania DC,SKU0123,109157,1706,3209
2026-04-10,TX,Texas DC,SKU0123,101379,3549,9573
2026-04-10,FL,Florida DC,SKU0123,106788,5558,4075
2026-04-10,NV,Nevada DC,SKU0123,40272,331,806
2026-04-10,WI,Wisconsin DC,SKU0123,75307,2067,2382
2026-04-10,WA,Washington DC,SKU0123,77840,2947,1376
2026-04-10,PA,Pennsylvania DC,SKU0124,51423,2348,867
2026-04-10,TX,Texas DC,SKU0124,73741,389,4531
2026-04-10,FL,Florida DC,SKU0124,3517,70,271
2026-04-10,NV,Nevada DC,SKU0124,29196,653,41
2026-04-10,WI,Wisconsin DC,SKU0124,60392,2452,3784
2026-04-10,WA,Washington DC,SKU0124,50939,394,1953
2026-04-10,PA,Pennsylvania DC,SKU0125,73160,1308,2127
2026-04-10,TX,Texas DC,SKU0125,95492,5087,9505
2026-04-10,FL,Florida DC,SKU0125,2807,139,110
2026-04-10,NV,Nevada DC,SKU0125,40357,1966,77
2026-04-10,WI,Wisconsin DC,SKU0125,70698,92,3567
2026-04-10,WA,Washington DC,SKU0125,68045,1531,4357
2026-04-10,PA,Pennsylvania DC,SKU0126,121170,348,1310
2026-04-10,TX,Texas DC,SKU0126,68367,1822,844
2026-04-10,FL,Florida DC,SKU0126,104443,4297,97
2026-04-10,NV,Nevada DC,SKU0126,48771,1822,3417
2026-04-10,WI,Wisconsin DC,SKU0126,101252,3752,2862
2026-04-10,WA,Washington DC,SKU0126,76342,3563,6347
2026-04-10,PA,Pennsylvania DC,SKU0127,80418,773,4408
2026-04-10,TX,Texas DC,SKU0127,99546,1400,126
2026-04-10,FL,Florida DC,SKU0127,44325,1314,4208
2026-04-10,NV,Nevada DC,SKU0127,4191,15,242
2026-04-10,WI,Wisconsin DC,SKU0127,2096,67,76
2026-04-10,WA,Washington DC,SKU0127,44351,2163,3876
2026-04-10,PA,Pennsylvania DC,SKU0128,65998,1686,764
2026-04-10,TX,Texas DC,SKU0128,83172,690,5382
2026-04-10,FL,Florida DC,SKU0128,73258,1179,5370
2026-04-10,NV,Nevada DC,SKU0128,42459,1019,1938
2026-04-10,WI,Wisconsin DC,SKU0128,53539,1354,4744
2026-04-10,WA,Washington DC,SKU0128,1366,7,76
2026-04-10,PA,Pennsylvania DC,SKU0129,64930,1620,3835
2026-04-10,TX,Texas DC,SKU0129,4660,158,67
2026-04-10,FL,Florida DC,SKU0129,31301,1285,2624
2026-04-10,NV,Nevada DC,SKU0129,26969,182,1109
2026-04-10,WI,Wisconsin DC,SKU0129,26931,1138,1825
2026-04-10,WA,Washington DC,SKU0129,38208,2241,2559
2026-04-10,PA,Pennsylvania DC,SKU0130,44965,256,2975
2026-04-10,TX,Texas DC,SKU0130,37060,855,3109
2026-04-10,FL,Florida DC,SKU0130,4573,203,224
2026-04-10,NV,Nevada DC,SKU0130,45291,1275,2245
2026-04-10,WI,Wisconsin DC,SKU0130,41356,821,1150
2026-04-10,WA,Washington DC,SKU0130,28465,1395,224
2026-04-10,PA,Pennsylvania DC,SKU0131,142445,4260,4502
2026-04-10,TX,Texas DC,SKU0131,140874,3410,504
2026-04-10,FL,Florida DC,SKU0131,135172,7811,8617
2026-04-10,NV,Nevada DC,SKU0131,101884,2788,3472
2026-04-10,WI,Wisconsin DC,SKU0131,444,18,29
2026-04-10,WA,Washington DC,SKU0131,110276,4741,4006
2026-04-10,PA,Pennsylvania DC,SKU0132,59217,7,2103
2026-04-10,TX,Texas DC,SKU0132,83588,1875,888
2026-04-10,FL,Florida DC,SKU0132,54380,2422,2225
2026-04-10,NV,Nevada DC,SKU0132,35056,1792,755
2026-04-10,WI,Wisconsin DC,SKU0132,36873,1675,171
2026-04-10,WA,Washington DC,SKU0132,52325,2799,2393
2026-04-10,PA,Pennsylvania DC,SKU0133,84106,21,6192
2026-04-10,TX,Texas DC,SKU0133,74657,4140,5831
2026-04-10,FL,Florida DC,SKU0133,64597,3159,668
2026-04-10,NV,Nevada DC,SKU0133,55726,2946,2333
2026-04-10,WI,Wisconsin DC,SKU0133,54563,1302,1870
2026-04-10,WA,Washington DC,SKU0133,58385,2110,5175
2026-04-10,PA,Pennsylvania DC,SKU0134,64189,1208,4729
2026-04-10,TX,Texas DC,SKU0134,4534,143,72
2026-04-10,FL,Florida DC,SKU0134,30074,1213,2951
2026-04-10,NV,Nevada DC,SKU0134,1456,36,80
2026-04-10,WI,Wisconsin DC,SKU0134,2640,93,160
2026-04-10,WA,Washington DC,SKU0134,36594,1559,2467
2026-04-10,PA,Pennsylvania DC,SKU0135,4373,62,296
2026-04-10,TX,Texas DC,SKU0135,104,2,0
2026-04-10,FL,Florida DC,SKU0135,97943,4408,1576
2026-04-10,NV,Nevada DC,SKU0135,2347,80,27
2026-04-10,WI,Wisconsin DC,SKU0135,94588,3071,3392
2026-04-10,WA,Washington DC,SKU0135,3707,18,257
2026-04-10,PA,Pennsylvania DC,SKU0136,89823,3024,2134
2026-04-10,TX,Texas DC,SKU0136,78110,3114,7236
2026-04-10,FL,Florida DC,SKU0136,67096,1258,3704
2026-04-10,NV,Nevada DC,SKU0136,106,3,1
2026-04-10,WI,Wisconsin DC,SKU0136,64639,874,4096
2026-04-10,WA,Washington DC,SKU0136,35386,1567,695
2026-04-10,PA,Pennsylvania DC,SKU0137,47555,2806,354
2026-04-10,TX,Texas DC,SKU0137,65480,159,1827
2026-04-10,FL,Florida DC,SKU0137,2164,14,101
2026-04-10,NV,Nevada DC,SKU0137,40924,380,629
2026-04-10,WI,Wisconsin DC,SKU0137,28480,1051,1885
2026-04-10,WA,Washington DC,SKU0137,39398,1853,1252
2026-04-10,PA,Pennsylvania DC,SKU0138,1801,86,75
2026-04-10,TX,Texas DC,SKU0138,83031,2009,2901
2026-04-10,FL,Florida DC,SKU0138,1747,57,46
2026-04-10,NV,Nevada DC,SKU0138,114408,3259,6422
2026-04-10,WI,Wisconsin DC,SKU0138,72,0,1
2026-04-10,WA,Washington DC,SKU0138,1968,89,96
2026-04-10,PA,Pennsylvania DC,SKU0139,73632,1417,6744
2026-04-10,TX,Texas DC,SKU0139,47798,811,4356
2026-04-10,FL,Florida DC,SKU0139,36423,973,159
2026-04-10,NV,Nevada DC,SKU0139,26162,1488,437
2026-04-10,WI,Wisconsin DC,SKU0139,33324,130,2233
2026-04-10,WA,Washington DC,SKU0139,1746,75,59
2026-04-10,PA,Pennsylvania DC,SKU0140,851,8,56
2026-04-10,TX,Texas DC,SKU0140,75868,3717,547
2026-04-10,FL,Florida DC,SKU0140,26139,59,191
2026-04-10,NV,Nevada DC,SKU0140,34029,1677,3099
2026-04-10,WI,Wisconsin DC,SKU0140,39263,745,1529
2026-04-10,WA,Washington DC,SKU0140,23539,89,1755
2026-04-10,PA,Pennsylvania DC,SKU0141,79601,2401,2307
2026-04-10,TX,Texas DC,SKU0141,64877,3607,2474
2026-04-10,FL,Florida DC,SKU0141,29110,384,2173
2026-04-10,NV,Nevada DC,SKU0141,61322,2332,1827
2026-04-10,WI,Wisconsin DC,SKU0141,62933,2446,6025
2026-04-10,WA,Washington DC,SKU0141,51764,129,2964
2026-04-10,PA,Pennsylvania DC,SKU0142,67735,853,5022
2026-04-10,TX,Texas DC,SKU0142,2816,29,204
2026-04-10,FL,Florida DC,SKU0142,32784,1213,828
2026-04-10,NV,Nevada DC,SKU0142,47188,153,3544
2026-04-10,WI,Wisconsin DC,SKU0142,4496,103,197
2026-04-10,WA,Washington DC,SKU0142,22050,959,1074
2026-04-10,PA,Pennsylvania DC,SKU0143,2710,48,145
2026-04-10,TX,Texas DC,SKU0143,1921,9,95
2026-04-10,FL,Florida DC,SKU0143,55615,2056,1700
2026-04-10,NV,Nevada DC,SKU0143,4785,36,216
2026-04-10,WI,Wisconsin DC,SKU0143,80925,1520,6357
2026-04-10,WA,Washington DC,SKU0143,3572,49,102
2026-04-10,PA,Pennsylvania DC,SKU0144,67027,1791,5193
2026-04-10,TX,Texas DC,SKU0144,3989,110,56
2026-04-10,FL,Florida DC,SKU0144,4969,20,111
2026-04-10,NV,Nevada DC,SKU0144,69549,3061,4358
2026-04-10,WI,Wisconsin DC,SKU0144,617,27,41
2026-04-10,WA,Washington DC,SKU0144,255,10,11
2026-04-10,PA,Pennsylvania DC,SKU0145,74744,1168,6682
2026-04-10,TX,Texas DC,SKU0145,98627,2322,8791
2026-04-10,FL,Florida DC,SKU0145,94263,2834,853
2026-04-10,NV,Nevada DC,SKU0145,2980,74,157
2026-04-10,WI,Wisconsin DC,SKU0145,85092,846,4374
2026-04-10,WA,Washington DC,SKU0145,45701,1808,4422
2026-04-10,PA,Pennsylvania DC,SKU0146,73423,963,3580
2026-04-10,TX,Texas DC,SKU0146,514,6,9
2026-04-10,FL,Florida DC,SKU0146,57988,1350,5322
2026-04-10,NV,Nevada DC,SKU0146,380,0,19
2026-04-10,WI,Wisconsin DC,SKU0146,845,29,35
2026-04-10,WA,Washington DC,SKU0146,59930,1957,1041
2026-04-10,PA,Pennsylvania DC,SKU0147,108138,5420,5587
2026-04-10,TX,Texas DC,SKU0147,3082,149,54
2026-04-10,FL,Florida DC,SKU0147,3324,58,230
2026-04-10,NV,Nevada DC,SKU0147,67633,2036,939
2026-04-10,WI,Wisconsin DC,SKU0147,1356,15,55
2026-04-10,WA,Washington DC,SKU0147,36289,1310,2964
2026-04-10,PA,Pennsylvania DC,SKU0148,1886,39,49
2026-04-10,TX,Texas DC,SKU0148,79016,2800,5114
2026-04-10,FL,Florida DC,SKU0148,39866,1416,537
2026-04-10,NV,Nevada DC,SKU0148,62185,620,5736
2026-04-10,WI,Wisconsin DC,SKU0148,48599,1859,4269
2026-04-10,WA,Washington DC,SKU0148,66720,867,4046
2026-04-10,PA,Pennsylvania DC,SKU0149,80328,1979,1146
2026-04-10,TX,Texas DC,SKU0149,107498,3294,1802
2026-04-10,FL,Florida DC,SKU0149,109592,452,4144
2026-04-10,NV,Nevada DC,SKU0149,37246,2032,2548
2026-04-10,WI,Wisconsin DC,SKU0149,55380,2995,3321
2026-04-10,WA,Washington DC,SKU0149,62602,350,4127
2026-04-10,PA,Pennsylvania DC,SKU0150,113790,6402,7721
2026-04-10,TX,Texas DC,SKU0150,3534,92,104
2026-04-10,FL,Florida DC,SKU0150,355,12,12
2026-04-10,NV,Nevada DC,SKU0150,82922,1743,6672
2026-04-10,WI,Wisconsin DC,SKU0150,97710,2494,2486
2026-04-10,WA,Washington DC,SKU0150,92799,3331,5045
2026-04-10,PA,Pennsylvania DC,SKU0151,63089,26,3296
2026-04-10,TX,Texas DC,SKU0151,86161,4157,3522
2026-04-10,FL,Florida DC,SKU0151,873,6,45
2026-04-10,NV,Nevada DC,SKU0151,83700,1836,2306
2026-04-10,WI,Wisconsin DC,SKU0151,78559,3694,3790
2026-04-10,WA,Washington DC,SKU0151,60253,1108,2074
2026-04-10,PA,Pennsylvania DC,SKU0152,3261,119,223
2026-04-10,TX,Texas DC,SKU0152,67438,2829,1091
2026-04-10,FL,Florida DC,SKU0152,41971,1386,2925
2026-04-10,NV,Nevada DC,SKU0152,33458,10,304
2026-04-10,WI,Wisconsin DC,SKU0152,49840,191,1105
2026-04-10,WA,Washington DC,SKU0152,24342,1437,1494
2026-04-10,PA,Pennsylvania DC,SKU0153,4268,61,328
2026-04-10,TX,Texas DC,SKU0153,95603,2835,102
2026-04-10,FL,Florida DC,SKU0153,4244,60,11
2026-04-10,NV,Nevada DC,SKU0153,4911,125,274
2026-04-10,WI,Wisconsin DC,SKU0153,1388,46,39
2026-04-10,WA,Washington DC,SKU0153,74765,1237,2986
2026-04-10,PA,Pennsylvania DC,SKU0154,62524,57,4399
2026-04-10,TX,Texas DC,SKU0154,77191,2589,4499
2026-04-10,FL,Florida DC,SKU0154,57937,3347,2634
2026-04-10,NV,Nevada DC,SKU0154,28035,851,1566
2026-04-10,WI,Wisconsin DC,SKU0154,43961,1353,1132
2026-04-10,WA,Washington DC,SKU0154,57357,1523,2162
2026-04-10,PA,Pennsylvania DC,SKU0155,46388,2158,3161
2026-04-10,TX,Texas DC,SKU0155,71970,1113,2754
2026-04-10,FL,Florida DC,SKU0155,33711,1618,1390
2026-04-10,NV,Nevada DC,SKU0155,2892,74,2
2026-04-10,WI,Wisconsin DC,SKU0155,28564,1154,2345
2026-04-10,WA,Washington DC,SKU0155,53003,1124,4740
2026-04-10,PA,Pennsylvania DC,SKU0156,50683,2767,2529
2026-04-10,TX,Texas DC,SKU0156,1635,19,31
2026-04-10,FL,Florida DC,SKU0156,22729,1140,809
2026-04-10,NV,Nevada DC,SKU0156,17235,988,849
2026-04-10,WI,Wisconsin DC,SKU0156,33989,1729,1261
2026-04-10,WA,Washington DC,SKU0156,31948,1101,877
2026-04-10,PA,Pennsylvania DC,SKU0157,151350,3613,11353
2026-04-10,TX,Texas DC,SKU0157,109623,6180,356
2026-04-10,FL,Florida DC,SKU0157,119680,3283,1440
2026-04-10,NV,Nevada DC,SKU0157,69631,2816,2641
2026-04-10,WI,Wisconsin DC,SKU0157,74288,834,1952
2026-04-10,WA,Washington DC,SKU0157,110615,1220,4689
2026-04-10,PA,Pennsylvania DC,SKU0158,79606,1913,3588
2026-04-10,TX,Texas DC,SKU0158,94072,4595,6780
2026-04-10,FL,Florida DC,SKU0158,56364,663,4509
2026-04-10,NV,Nevada DC,SKU0158,47071,1190,632
2026-04-10,WI,Wisconsin DC,SKU0158,55233,1046,2687
2026-04-10,WA,Washington DC,SKU0158,2055,57,93
2026-04-10,PA,Pennsylvania DC,SKU0159,72964,3562,3477
2026-04-10,TX,Texas DC,SKU0159,64592,1398,3619
2026-04-10,FL,Florida DC,SKU0159,36247,263,3143
2026-04-10,NV,Nevada DC,SKU0159,34618,1348,604
2026-04-10,WI,Wisconsin DC,SKU0159,40578,1186,2988
2026-04-10,WA,Washington DC,SKU0159,642,12,14
2026-04-10,PA,Pennsylvania DC,SKU0160,31678,1535,1068
2026-04-10,TX,Texas DC,SKU0160,4682,94,339
2026-04-10,FL,Florida DC,SKU0160,26794,1049,1903
2026-04-10,NV,Nevada DC,SKU0160,25079,1175,2354
2026-04-10,WI,Wisconsin DC,SKU0160,26473,265,2261
2026-04-10,WA,Washington DC,SKU0160,20658,922,1548
2026-04-10,PA,Pennsylvania DC,SKU0161,77422,4351,3663
2026-04-10,TX,Texas DC,SKU0161,440,0,13
2026-04-10,FL,Florida DC,SKU0161,47678,444,3122
2026-04-10,NV,Nevada DC,SKU0161,51254,873,3210
2026-04-10,WI,Wisconsin DC,SKU0161,71238,2836,6129
2026-04-10,WA,Washington DC,SKU0161,57410,1862,1563
2026-04-10,PA,Pennsylvania DC,SKU0162,85108,904,5085
2026-04-10,TX,Texas DC,SKU0162,64723,2032,4139
2026-04-10,FL,Florida DC,SKU0162,2536,115,97
2026-04-10,NV,Nevada DC,SKU0162,26214,648,408
2026-04-10,WI,Wisconsin DC,SKU0162,86,0,5
2026-04-10,WA,Washington DC,SKU0162,33738,16,3110
2026-04-10,PA,Pennsylvania DC,SKU0163,36434,940,1067
2026-04-10,TX,Texas DC,SKU0163,1894,75,83
2026-04-10,FL,Florida DC,SKU0163,33539,502,2397
2026-04-10,NV,Nevada DC,SKU0163,36261,172,2267
2026-04-10,WI,Wisconsin DC,SKU0163,31064,1293,844
2026-04-10,WA,Washington DC,SKU0163,26340,297,180
2026-04-10,PA,Pennsylvania DC,SKU0164,34764,944,2435
2026-04-10,TX,Texas DC,SKU0164,35527,2067,78
2026-04-10,FL,Florida DC,SKU0164,23645,621,19
2026-04-10,NV,Nevada DC,SKU0164,17118,431,1345
2026-04-10,WI,Wisconsin DC,SKU0164,24431,46,195
2026-04-10,WA,Washington DC,SKU0164,1196,3,74
2026-04-10,PA,Pennsylvania DC,SKU0165,58085,2932,4747
2026-04-10,TX,Texas DC,SKU0165,103,0,6
2026-04-10,FL,Florida DC,SKU0165,2039,39,159
2026-04-10,NV,Nevada DC,SKU0165,57161,2521,537
2026-04-10,WI,Wisconsin DC,SKU0165,1707,40,93
2026-04-10,WA,Washington DC,SKU0165,2556,119,32
2026-04-10,PA,Pennsylvania DC,SKU0166,58674,429,2823
2026-04-10,TX,Texas DC,SKU0166,43055,1722,4190
2026-04-10,FL,Florida DC,SKU0166,35038,1670,2048
2026-04-10,NV,Nevada DC,SKU0166,28834,1005,1991
2026-04-10,WI,Wisconsin DC,SKU0166,21022,313,1050
2026-04-10,WA,Washington DC,SKU0166,33265,1516,199
2026-04-10,PA,Pennsylvania DC,SKU0167,60508,389,2951
2026-04-10,TX,Texas DC,SKU0167,86329,1799,7698
2026-04-10,FL,Florida DC,SKU0167,32868,1428,823
2026-04-10,NV,Nevada DC,SKU0167,66011,2149,3235
2026-04-10,WI,Wisconsin DC,SKU0167,51033,1434,4427
2026-04-10,WA,Washington DC,SKU0167,66268,2111,2977
2026-04-10,PA,Pennsylvania DC,SKU0168,63523,2957,3213
2026-04-10,TX,Texas DC,SKU0168,75374,1646,4674
2026-04-10,FL,Florida DC,SKU0168,2627,94,138
2026-04-10,NV,Nevada DC,SKU0168,39192,1169,2161
2026-04-10,WI,Wisconsin DC,SKU0168,34311,227,1795
2026-04-10,WA,Washington DC,SKU0168,46267,2424,934
2026-04-10,PA,Pennsylvania DC,SKU0169,69373,3480,4564
2026-04-10,TX,Texas DC,SKU0169,100554,2210,6093
2026-04-10,FL,Florida DC,SKU0169,91262,2690,8120
2026-04-10,NV,Nevada DC,SKU0169,78932,2642,7405
2026-04-10,WI,Wisconsin DC,SKU0169,58886,2910,1565
2026-04-10,WA,Washington DC,SKU0169,36774,2084,3532
2026-04-10,PA,Pennsylvania DC,SKU0170,55044,625,2896
2026-04-10,TX,Texas DC,SKU0170,47869,2151,1987
2026-04-10,FL,Florida DC,SKU0170,40520,1115,2695
2026-04-10,NV,Nevada DC,SKU0170,852,7,12
2026-04-10,WI,Wisconsin DC,SKU0170,26915,1612,1192
2026-04-10,WA,Washington DC,SKU0170,26789,521,995
2026-04-10,PA,Pennsylvania DC,SKU0171,3527,145,91
2026-04-10,TX,Texas DC,SKU0171,1971,55,33
2026-04-10,FL,Florida DC,SKU0171,51657,2980,2311
2026-04-10,NV,Nevada DC,SKU0171,3252,0,9
2026-04-10,WI,Wisconsin DC,SKU0171,19249,1028,12
2026-04-10,WA,Washington DC,SKU0171,1817,19,45
2026-04-10,PA,Pennsylvania DC,SKU0172,72183,3980,3690
2026-04-10,TX,Texas DC,SKU0172,61875,1709,965
2026-04-10,FL,Florida DC,SKU0172,48931,752,1469
2026-04-10,NV,Nevada DC,SKU0172,41952,194,1362
2026-04-10,WI,Wisconsin DC,SKU0172,35860,1512,2938
2026-04-10,WA,Washington DC,SKU0172,781,23,18
2026-04-10,PA,Pennsylvania DC,SKU0173,73253,245,5647
2026-04-10,TX,Texas DC,SKU0173,86961,4528,7563
2026-04-10,FL,Florida DC,SKU0173,65623,45,5101
2026-04-10,NV,Nevada DC,SKU0173,39719,1286,594
2026-04-10,WI,Wisconsin DC,SKU0173,34658,1521,1361
2026-04-10,WA,Washington DC,SKU0173,49554,660,1435
2026-04-10,PA,Pennsylvania DC,SKU0174,3230,23,86
2026-04-10,TX,Texas DC,SKU0174,3898,111,15
2026-04-10,FL,Florida DC,SKU0174,3270,42,104
2026-04-10,NV,Nevada DC,SKU0174,47310,1365,937
2026-04-10,WI,Wisconsin DC,SKU0174,41164,2462,2158
2026-04-10,WA,Washington DC,SKU0174,1985,7,123
2026-04-10,PA,Pennsylvania DC,SKU0175,2649,90,122
2026-04-10,TX,Texas DC,SKU0175,921,30,31
2026-04-10,FL,Florida DC,SKU0175,62096,90,1892
2026-04-10,NV,Nevada DC,SKU0175,2864,88,226
2026-04-10,WI,Wisconsin DC,SKU0175,40586,1992,810
2026-04-10,WA,Washington DC,SKU0175,73683,496,401
2026-04-10,PA,Pennsylvania DC,SKU0176,96517,4749,132
2026-04-10,TX,Texas DC,SKU0176,51125,69,1068
2026-04-10,FL,Florida DC,SKU0176,40573,629,1959
2026-04-10,NV,Nevada DC,SKU0176,38512,42,2245
2026-04-10,WI,Wisconsin DC,SKU0176,4315,9,58
2026-04-10,WA,Washington DC,SKU0176,58857,187,3853
2026-04-10,PA,Pennsylvania DC,SKU0177,68,0,3
2026-04-10,TX,Texas DC,SKU0177,2950,127,4
2026-04-10,FL,Florida DC,SKU0177,36198,826,3535
2026-04-10,NV,Nevada DC,SKU0177,27722,884,516
2026-04-10,WI,Wisconsin DC,SKU0177,30608,39,757
2026-04-10,WA,Washington DC,SKU0177,24754,233,858
2026-04-10,PA,Pennsylvania DC,SKU0178,2882,51,69
2026-04-10,TX,Texas DC,SKU0178,112842,419,2907
2026-04-10,FL,Florida DC,SKU0178,3171,141,206
2026-04-10,NV,Nevada DC,SKU0178,62640,570,5619
2026-04-10,WI,Wisconsin DC,SKU0178,1124,4,34
2026-04-10,WA,Washington DC,SKU0178,1863,38,85
2026-04-10,PA,Pennsylvania DC,SKU0179,72225,1946,951
2026-04-10,TX,Texas DC,SKU0179,83525,1013,1153
2026-04-10,FL,Florida DC,SKU0179,90099,2324,8190
2026-04-10,NV,Nevada DC,SKU0179,1189,39,53
2026-04-10,WI,Wisconsin DC,SKU0179,33306,1437,613
2026-04-10,WA,Washington DC,SKU0179,35046,670,3409
2026-04-10,PA,Pennsylvania DC,SKU0180,85980,4238,5475
2026-04-10,TX,Texas DC,SKU0180,2242,17,33
2026-04-10,FL,Florida DC,SKU0180,44093,1632,2670
2026-04-10,NV,Nevada DC,SKU0180,67016,104,532
2026-04-10,WI,Wisconsin DC,SKU0180,3904,26,264
2026-04-10,WA,Washington DC,SKU0180,3840,136,114
2026-04-10,PA,Pennsylvania DC,SKU0181,3174,77,34
2026-04-10,TX,Texas DC,SKU0181,51335,46,1385
2026-04-10,FL,Florida DC,SKU0181,3383,37,181
2026-04-10,NV,Nevada DC,SKU0181,31605,1810,1388
2026-04-10,WI,Wisconsin DC,SKU0181,45543,2425,1947
2026-04-10,WA,Washington DC,SKU0181,47552,2054,1874
2026-04-10,PA,Pennsylvania DC,SKU0182,59042,2272,4157
2026-04-10,TX,Texas DC,SKU0182,315,8,11
2026-04-10,FL,Florida DC,SKU0182,347,15,6
2026-04-10,NV,Nevada DC,SKU0182,51774,1203,3961
2026-04-10,WI,Wisconsin DC,SKU0182,27015,1433,2090
2026-04-10,WA,Washington DC,SKU0182,23646,1303,1631
2026-04-10,PA,Pennsylvania DC,SKU0183,98018,531,4907
2026-04-10,TX,Texas DC,SKU0183,109710,3596,4312
2026-04-10,FL,Florida DC,SKU0183,46036,2476,4123
2026-04-10,NV,Nevada DC,SKU0183,41204,1603,2931
2026-04-10,WI,Wisconsin DC,SKU0183,70792,2999,4488
2026-04-10,WA,Washington DC,SKU0183,73960,4327,4526
2026-04-10,PA,Pennsylvania DC,SKU0184,1309,24,39
2026-04-10,TX,Texas DC,SKU0184,63384,2508,951
2026-04-10,FL,Florida DC,SKU0184,27292,687,844
2026-04-10,NV,Nevada DC,SKU0184,33632,237,442
2026-04-10,WI,Wisconsin DC,SKU0184,34892,960,2984
2026-04-10,WA,Washington DC,SKU0184,4452,179,216
2026-04-10,PA,Pennsylvania DC,SKU0185,58489,1592,2584
2026-04-10,TX,Texas DC,SKU0185,50742,846,3189
2026-04-10,FL,Florida DC,SKU0185,1700,4,20
2026-04-10,NV,Nevada DC,SKU0185,31210,1249,2615
2026-04-10,WI,Wisconsin DC,SKU0185,61428,1536,1094
2026-04-10,WA,Washington DC,SKU0185,50735,1811,3994
2026-04-10,PA,Pennsylvania DC,SKU0186,63307,3538,589
2026-04-10,TX,Texas DC,SKU0186,58060,235,2481
2026-04-10,FL,Florida DC,SKU0186,36411,1517,999
2026-04-10,NV,Nevada DC,SKU0186,49721,1825,543
2026-04-10,WI,Wisconsin DC,SKU0186,50274,1458,3462
2026-04-10,WA,Washington DC,SKU0186,2352,50,159
2026-04-10,PA,Pennsylvania DC,SKU0187,46786,2602,2874
2026-04-10,TX,Texas DC,SKU0187,50551,2450,4467
2026-04-10,FL,Florida DC,SKU0187,26221,185,1218
2026-04-10,NV,Nevada DC,SKU0187,34824,1285,1443
2026-04-10,WI,Wisconsin DC,SKU0187,27575,351,1766
2026-04-10,WA,Washington DC,SKU0187,21568,388,1186
2026-04-10,PA,Pennsylvania DC,SKU0188,83257,1978,4736
2026-04-10,TX,Texas DC,SKU0188,120165,6011,11082
2026-04-10,FL,Florida DC,SKU0188,79393,646,1233
2026-04-10,NV,Nevada DC,SKU0188,110150,3056,8968
2026-04-10,WI,Wisconsin DC,SKU0188,48907,1657,3316
2026-04-10,WA,Washington DC,SKU0188,43715,870,4005
2026-04-10,PA,Pennsylvania DC,SKU0189,40667,2051,1379
2026-04-10,TX,Texas DC,SKU0189,55760,2026,1044
2026-04-10,FL,Florida DC,SKU0189,71895,3700,5103
2026-04-10,NV,Nevada DC,SKU0189,26888,599,2230
2026-04-10,WI,Wisconsin DC,SKU0189,44565,1000,166
2026-04-10,WA,Washington DC,SKU0189,28283,1355,2559
2026-04-10,PA,Pennsylvania DC,SKU0190,45917,2407,1425
2026-04-10,TX,Texas DC,SKU0190,63438,3738,3274
2026-04-10,FL,Florida DC,SKU0190,22359,519,1933
2026-04-10,NV,Nevada DC,SKU0190,26895,1368,2344
2026-04-10,WI,Wisconsin DC,SKU0190,46890,2155,3495
2026-04-10,WA,Washington DC,SKU0190,42794,538,858
2026-04-10,PA,Pennsylvania DC,SKU0191,91512,3684,2495
2026-04-10,TX,Texas DC,SKU0191,71772,2409,734
2026-04-10,FL,Florida DC,SKU0191,66121,3742,5316
2026-04-10,NV,Nevada DC,SKU0191,38675,2070,2090
2026-04-10,WI,Wisconsin DC,SKU0191,35642,107,1367
2026-04-10,WA,Washington DC,SKU0191,53017,2835,3337
2026-04-10,PA,Pennsylvania DC,SKU0192,87537,1745,1734
2026-04-10,TX,Texas DC,SKU0192,88540,4902,6768
2026-04-10,FL,Florida DC,SKU0192,42426,1778,412
2026-04-10,NV,Nevada DC,SKU0192,66827,1886,6331
2026-04-10,WI,Wisconsin DC,SKU0192,82171,1791,1506
2026-04-10,WA,Washington DC,SKU0192,45841,893,2234
2026-04-10,PA,Pennsylvania DC,SKU0193,55140,2798,1556
2026-04-10,TX,Texas DC,SKU0193,75043,1826,5360
2026-04-10,FL,Florida DC,SKU0193,876,14,45
2026-04-10,NV,Nevada DC,SKU0193,2474,65,79
2026-04-10,WI,Wisconsin DC,SKU0193,3386,40,66
2026-04-10,WA,Washington DC,SKU0193,44571,556,3093
2026-04-10,PA,Pennsylvania DC,SKU0194,3531,138,122
2026-04-10,TX,Texas DC,SKU0194,2803,76,52
2026-04-10,FL,Florida DC,SKU0194,638,23,36
2026-04-10,NV,Nevada DC,SKU0194,25408,496,248
2026-04-10,WI,Wisconsin DC,SKU0194,30298,1087,2076
2026-04-10,WA,Washington DC,SKU0194,42620,1649,262
2026-04-10,PA,Pennsylvania DC,SKU0195,27571,1248,2232
2026-04-10,TX,Texas DC,SKU0195,1201,39,43
2026-04-10,FL,Florida DC,SKU0195,26974,332,2366
2026-04-10,NV,Nevada DC,SKU0195,35234,1941,3300
2026-04-10,WI,Wisconsin DC,SKU0195,30406,1063,1859
2026-04-10,WA,Washington DC,SKU0195,31676,118,2854
2026-04-10,PA,Pennsylvania DC,SKU0196,50161,2945,550
2026-04-10,TX,Texas DC,SKU0196,53506,1894,3345
2026-04-10,FL,Florida DC,SKU0196,59647,755,1034
2026-04-10,NV,Nevada DC,SKU0196,60639,1310,2530
2026-04-10,WI,Wisconsin DC,SKU0196,64323,44,4170
2026-04-10,WA,Washington DC,SKU0196,68128,3985,925
2026-04-10,PA,Pennsylvania DC,SKU0197,170836,9159,11879
2026-04-10,TX,Texas DC,SKU0197,122770,3124,10068
2026-04-10,FL,Florida DC,SKU0197,65818,29,3278
2026-04-10,NV,Nevada DC,SKU0197,80066,4451,4614
2026-04-10,WI,Wisconsin DC,SKU0197,47024,1039,2728
2026-04-10,WA,Washington DC,SKU0197,50498,1594,4339
2026-04-10,PA,Pennsylvania DC,SKU0198,65528,2057,3997
2026-04-10,TX,Texas DC,SKU0198,92465,3709,6325
2026-04-10,FL,Florida DC,SKU0198,59336,3216,3174
2026-04-10,NV,Nevada DC,SKU0198,50396,1735,1670
2026-04-10,WI,Wisconsin DC,SKU0198,59834,601,4158
2026-04-10,WA,Washington DC,SKU0198,39908,623,2511
2026-04-10,PA,Pennsylvania DC,SKU0199,41276,722,3043
2026-04-10,TX,Texas DC,SKU0199,36697,169,2876
2026-04-10,FL,Florida DC,SKU0199,30655,472,2272
2026-04-10,NV,Nevada DC,SKU0199,37983,1502,1404
2026-04-10,WI,Wisconsin DC,SKU0199,31050,336,1637
2026-04-10,WA,Washington DC,SKU0199,36514,1304,3000
2026-04-10,PA,Pennsylvania DC,SKU0200,98594,2266,6513
2026-04-10,TX,Texas DC,SKU0200,60296,3045,327
2026-04-10,FL,Florida DC,SKU0200,68298,1901,3252
2026-04-10,NV,Nevada DC,SKU0200,76043,1066,5197
2026-04-10,WI,Wisconsin DC,SKU0200,40668,1060,1174
2026-04-10,WA,Washington DC,SKU0200,40476,1287,3868
2026-04-10,PA,Pennsylvania DC,SKU0201,73717,3734,4500
2026-04-10,TX,Texas DC,SKU0201,63331,3048,1617
2026-04-10,FL,Florida DC,SKU0201,54143,785,3637
2026-04-10,NV,Nevada DC,SKU0201,54970,3275,1722
2026-04-10,WI,Wisconsin DC,SKU0201,31452,776,1652
2026-04-10,WA,Washington DC,SKU0201,43803,662,149
2026-04-10,PA,Pennsylvania DC,SKU0202,69304,3717,1502
2026-04-10,TX,Texas DC,SKU0202,71109,368,4299
2026-04-10,FL,Florida DC,SKU0202,86100,4149,1590
2026-04-10,NV,Nevada DC,SKU0202,45938,1820,347
2026-04-10,WI,Wisconsin DC,SKU0202,81131,3369,5416
2026-04-10,WA,Washington DC,SKU0202,46673,776,291
2026-04-10,PA,Pennsylvania DC,SKU0203,89300,4354,1588
2026-04-10,TX,Texas DC,SKU0203,89698,2113,5789
2026-04-10,FL,Florida DC,SKU0203,888,6,54
2026-04-10,NV,Nevada DC,SKU0203,61567,2642,635
2026-04-10,WI,Wisconsin DC,SKU0203,49860,1333,4470
2026-04-10,WA,Washington DC,SKU0203,58196,2320,1550
2026-04-10,PA,Pennsylvania DC,SKU0204,74644,2308,7015
2026-04-10,TX,Texas DC,SKU0204,64331,3014,5052
2026-04-10,FL,Florida DC,SKU0204,32266,1583,1555
2026-04-10,NV,Nevada DC,SKU0204,61348,2509,2457
2026-04-10,WI,Wisconsin DC,SKU0204,51946,1666,4991
2026-04-10,WA,Washington DC,SKU0204,42132,1637,744
2026-04-10,PA,Pennsylvania DC,SKU0205,69316,2894,6213
2026-04-10,TX,Texas DC,SKU0205,2943,71,208
2026-04-10,FL,Florida DC,SKU0205,3587,131,40
2026-04-10,NV,Nevada DC,SKU0205,62761,1842,395
2026-04-10,WI,Wisconsin DC,SKU0205,4428,142,177
2026-04-10,WA,Washington DC,SKU0205,3680,177,4
2026-04-10,PA,Pennsylvania DC,SKU0206,61556,1497,1303
2026-04-10,TX,Texas DC,SKU0206,4285,98,232
2026-04-10,FL,Florida DC,SKU0206,34880,1935,128
2026-04-10,NV,Nevada DC,SKU0206,55036,3031,252
2026-04-10,WI,Wisconsin DC,SKU0206,27207,81,836
2026-04-10,WA,Washington DC,SKU0206,797,18,10
2026-04-10,PA,Pennsylvania DC,SKU0207,119353,3560,9538
2026-04-10,TX,Texas DC,SKU0207,121257,5904,11909
2026-04-10,FL,Florida DC,SKU0207,65703,2270,902
2026-04-10,NV,Nevada DC,SKU0207,1746,66,82
2026-04-10,WI,Wisconsin DC,SKU0207,2748,8,60
2026-04-10,WA,Washington DC,SKU0207,3400,28,100
2026-04-10,PA,Pennsylvania DC,SKU0208,54750,438,4331
2026-04-10,TX,Texas DC,SKU0208,50693,2675,409
2026-04-10,FL,Florida DC,SKU0208,69811,2486,1980
2026-04-10,NV,Nevada DC,SKU0208,63942,486,914
2026-04-10,WI,Wisconsin DC,SKU0208,43951,460,3039
2026-04-10,WA,Washington DC,SKU0208,4884,43,195
2026-04-10,PA,Pennsylvania DC,SKU0209,118532,2473,54
2026-04-10,TX,Texas DC,SKU0209,77874,447,2818
2026-04-10,FL,Florida DC,SKU0209,84574,3908,5576
2026-04-10,NV,Nevada DC,SKU0209,55869,2297,5411
2026-04-10,WI,Wisconsin DC,SKU0209,3886,96,49
2026-04-10,WA,Washington DC,SKU0209,48978,615,1231
2026-04-10,PA,Pennsylvania DC,SKU0210,112102,702,588
2026-04-10,TX,Texas DC,SKU0210,69182,2137,490
2026-04-10,FL,Florida DC,SKU0210,70298,1767,5251
2026-04-10,NV,Nevada DC,SKU0210,56918,777,1349
2026-04-10,WI,Wisconsin DC,SKU0210,57449,253,3361
2026-04-10,WA,Washington DC,SKU0210,70313,2571,1251
2026-04-10,PA,Pennsylvania DC,SKU0211,3059,20,176
2026-04-10,TX,Texas DC,SKU0211,84112,642,5822
2026-04-10,FL,Florida DC,SKU0211,36274,998,621
2026-04-10,NV,Nevada DC,SKU0211,63857,3025,4074
2026-04-10,WI,Wisconsin DC,SKU0211,35732,1833,308
2026-04-10,WA,Washington DC,SKU0211,46547,1652,3895
2026-04-10,PA,Pennsylvania DC,SKU0212,43576,644,1426
2026-04-10,TX,Texas DC,SKU0212,45448,406,2607
2026-04-10,FL,Florida DC,SKU0212,41,0,0
2026-04-10,NV,Nevada DC,SKU0212,30952,790,1220
2026-04-10,WI,Wisconsin DC,SKU0212,28430,844,236
2026-04-10,WA,Washington DC,SKU0212,27871,364,998
2026-04-10,PA,Pennsylvania DC,SKU0213,63707,2557,1030
2026-04-10,TX,Texas DC,SKU0213,3762,161,224
2026-04-10,FL,Florida DC,SKU0213,199,9,7
2026-04-10,NV,Nevada DC,SKU0213,39081,2043,2449
2026-04-10,WI,Wisconsin DC,SKU0213,11,0,0
2026-04-10,WA,Washington DC,SKU0213,26824,685,723
2026-04-10,PA,Pennsylvania DC,SKU0214,69905,3303,565
2026-04-10,TX,Texas DC,SKU0214,2750,101,12
2026-04-10,FL,Florida DC,SKU0214,50699,337,1853
2026-04-10,NV,Nevada DC,SKU0214,33336,1117,223
2026-04-10,WI,Wisconsin DC,SKU0214,1677,11,44
2026-04-10,WA,Washington DC,SKU0214,41303,1864,3598
2026-04-10,PA,Pennsylvania DC,SKU0215,90804,1745,8153
2026-04-10,TX,Texas DC,SKU0215,4125,140,91
2026-04-10,FL,Florida DC,SKU0215,519,9,18
2026-04-10,NV,Nevada DC,SKU0215,4107,108,40
2026-04-10,WI,Wisconsin DC,SKU0215,4357,147,185
2026-04-10,WA,Washington DC,SKU0215,59789,3391,4835
2026-04-10,PA,Pennsylvania DC,SKU0216,59500,1634,477
2026-04-10,TX,Texas DC,SKU0216,65819,431,1816
2026-04-10,FL,Florida DC,SKU0216,52976,1655,3323
2026-04-10,NV,Nevada DC,SKU0216,69919,553,2424
2026-04-10,WI,Wisconsin DC,SKU0216,43775,165,3816
2026-04-10,WA,Washington DC,SKU0216,60848,1503,2085
2026-04-10,PA,Pennsylvania DC,SKU0217,85538,3576,7201
2026-04-10,TX,Texas DC,SKU0217,76676,3631,1316
2026-04-10,FL,Florida DC,SKU0217,2129,24,63
2026-04-10,NV,Nevada DC,SKU0217,78291,1335,7486
2026-04-10,WI,Wisconsin DC,SKU0217,45510,497,798
2026-04-10,WA,Washington DC,SKU0217,81859,792,957
2026-04-10,PA,Pennsylvania DC,SKU0218,70853,1571,1453
2026-04-10,TX,Texas DC,SKU0218,85031,754,3813
2026-04-10,FL,Florida DC,SKU0218,47531,71,4425
2026-04-10,NV,Nevada DC,SKU0218,74910,701,7267
2026-04-10,WI,Wisconsin DC,SKU0218,50393,893,4515
2026-04-10,WA,Washington DC,SKU0218,63682,2548,5091
2026-04-10,PA,Pennsylvania DC,SKU0219,57243,385,2741
2026-04-10,TX,Texas DC,SKU0219,44751,66,2763
2026-04-10,FL,Florida DC,SKU0219,30405,1109,593
2026-04-10,NV,Nevada DC,SKU0219,45845,538,383
2026-04-10,WI,Wisconsin DC,SKU0219,39874,2334,1572
2026-04-10,WA,Washington DC,SKU0219,31533,106,2102
2026-04-10,PA,Pennsylvania DC,SKU0220,55538,1286,67
2026-04-10,TX,Texas DC,SKU0220,42529,1431,917
2026-04-10,FL,Florida DC,SKU0220,3639,134,120
2026-04-10,NV,Nevada DC,SKU0220,3624,52,233
2026-04-10,WI,Wisconsin DC,SKU0220,30757,257,1805
2026-04-10,WA,Washington DC,SKU0220,705,5,17
